{"cameraMode":{"drawMode":0,"name":"Shaded","section":"Shading Mode"},"sceneLighting":true,"audioPlay":false,"sceneViewState":{"showFog":true,"showMaterialUpdate":false,"showSkybox":true,"showFlares":true,"showImageEffects":true,"showParticleSystems":true},"in2DMode":false,"pivot":{"x":806.2321166992188,"y":17.66596031188965,"z":155.197265625},"rotation":{"x":0.10824108123779297,"y":0.15622174739837647,"z":-0.0171650443226099,"w":0.9816632270812988},"size":7.634644508361816,"orthographic":false}